x1,x2,x2.1,x4,x5,x6,x7,x8,x9,x10,label
0.266074,-0.16562000000000002,0.32098000000000004,0.483299,0.17234000000000002,0.273364,0.371178,0.929823,0.251173,0.15934500000000001,A
0.13029200000000002,0.8707360000000001,-3.210528,0.06249299999999999,0.261718,1.4360600000000001,1.46594,0.636203,0.282354,0.515587,A
-0.116585,0.06991499999999999,0.068476,-0.783147,0.261718,0.439463,-0.081827,-0.888236,-0.12300499999999999,0.582939,A
0.031541,0.2976,-3.210528,-0.5835899999999999,-0.721442,-0.30798400000000004,0.710932,1.051693,0.594169,-0.533994,A
0.229043,0.807926,-0.052441999999999996,0.082634,0.261718,0.14879,0.6354310000000001,0.051062,0.032902,-0.08665199999999999,F
0.117948,-0.220579,-3.210528,-1.623238,0.261718,-0.349509,0.257927,-0.385979,-0.247731,-0.33131,A
0.389513,-0.220579,-3.210528,-2.624155,0.261718,-0.764757,0.484429,-0.59751,-0.37245700000000004,-0.810261,A
0.019197,-0.040001,0.288973,-0.042597,0.261718,-1.013906,0.069175,0.8907010000000001,0.095265,-0.8420139999999999,F
0.500607,0.140576,0.388552,-0.637358,0.261718,-0.681707,0.295677,0.9310459999999999,0.500624,-0.642297,H
-0.252367,0.06991499999999999,0.24629600000000001,0.52355,0.261718,-1.22153,0.899684,1.373076,0.62535,-1.40089,E
-0.042522000000000004,-2.395356,-3.210528,-1.128463,-0.721442,0.397939,0.257927,-1.167255,-0.060641999999999995,0.345537,A
-3.498799,-0.5660310000000001,0.139604,-5.440122,0.976743,-0.847807,-1.1765889999999999,-2.008078,0.438262,0.009512,I
0.043885,-0.17347100000000001,0.285416,-0.775121,0.17234000000000002,-0.391033,0.333428,-1.807711,-0.996086,-0.41085,F
0.15498,0.336855,0.068476,0.021525,0.261718,0.024215,0.031425,0.079292,0.31353600000000004,0.125675,A
0.29076199999999996,-0.189174,0.07914500000000001,-0.085921,0.976743,-1.470679,-0.9500860000000001,-0.273525,0.968347,-0.724959,I
0.14263599999999999,-0.24413200000000002,-3.206971,0.165524,0.887365,-2.093552,-0.8745850000000001,-2.69449,-3.3346970000000002,-1.399407,I
-0.00549,-0.322644,0.100483,-0.519439,0.261718,-0.30798400000000004,0.069175,-0.574114,0.282354,-0.182852,A
-0.301743,-0.314793,0.399221,0.77052,0.708609,0.564038,-1.32759,0.004193,0.7500760000000001,1.6490580000000001,Y
-0.091897,0.2976,0.07914500000000001,0.196496,0.261718,-0.183409,0.220177,0.305093,-0.278912,-0.163443,F
-0.091897,-0.220579,0.27474699999999996,0.567174,-0.185173,0.730137,0.031425,-0.396638,-0.403638,0.770625,A
-0.00549,0.478177,0.029355000000000003,-0.247644,0.17234000000000002,1.0623360000000002,0.333428,-0.670454,0.095265,0.9023760000000001,A
0.438888,0.19553399999999999,0.14315999999999998,-0.809435,0.261718,-1.1384809999999999,-0.232828,-0.087894,-0.278912,-0.8020149999999999,F
0.364825,-0.047852,-0.038216,0.327813,0.261718,0.439463,0.484429,-0.964306,-0.933723,0.232267,A
-0.054866,-0.220579,0.466793,-0.21696999999999997,0.17234000000000002,-0.9308559999999999,0.446679,0.634922,0.31353600000000004,-0.942674,D
0.29076199999999996,0.077766,0.11826500000000001,0.275805,0.261718,-0.432558,0.031425,0.676859,-0.091823,-0.293988,F
0.10560399999999999,-0.087108,0.367214,1.522618,0.261718,1.186911,0.6354310000000001,0.574967,0.656532,0.81758,A
-0.030177999999999996,0.022808000000000002,0.157386,-0.771451,0.261718,1.0623360000000002,0.182426,-1.21723,-0.185368,0.9815530000000001,H
-0.252367,-0.008597,-2.044028,0.342613,0.351096,-0.30798400000000004,0.220177,1.240469,2.090879,-0.295362,X
0.29076199999999996,-0.189174,0.07914500000000001,-0.085921,0.976743,-0.9308559999999999,-1.1010879999999998,0.49569399999999997,1.6855200000000001,-0.087857,I
0.25373,0.336855,0.086258,-0.9795709999999999,0.261718,-1.055431,0.144676,-0.626478,0.064084,-0.8962379999999999,G
0.46357600000000004,0.109171,0.22495700000000002,-1.411178,0.261718,0.06573999999999999,0.257927,0.468454,0.282354,0.050018,A
-0.215336,-0.142067,0.096927,-0.184417,0.261718,-1.2630549999999998,0.144676,-2.5797060000000003,-2.087438,-1.101669,E
-0.314087,0.164129,0.20006300000000002,0.132493,0.261718,-0.9308559999999999,0.144676,-0.8994780000000001,-0.746634,-0.8020149999999999,E
-0.128929,-0.134216,0.26407800000000003,0.430695,0.261718,-0.10036,0.182426,0.363824,-0.154186,-0.063434,F
0.24138600000000002,-0.157769,0.338762,-1.2039229999999999,0.261718,-0.058835000000000005,0.182426,1.066119,0.344717,-0.03555,A
-0.030177999999999996,-0.220579,0.24273899999999998,1.988271,0.17234000000000002,-0.22493400000000002,0.182426,1.346147,-0.091823,-0.173894,A
0.24138600000000002,-0.126364,0.41700299999999996,0.096091,0.17234000000000002,-0.515608,-2.724356,1.342012,0.812439,-2.0882490000000002,A
-0.252367,0.06991499999999999,0.24629600000000001,0.52355,0.261718,-0.8062819999999999,-0.044076,1.485336,1.093072,-0.588627,E
0.327793,-2.426761,0.008017,-0.54498,-0.006417,-0.432558,0.484429,0.070477,0.18880999999999998,-0.528713,A
0.15498,-0.330495,0.299642,-0.33363699999999996,0.08296100000000001,-0.723232,0.182426,0.536505,0.095265,-0.629,F
-0.26471100000000003,-0.275537,0.384996,1.343918,0.261718,0.356414,0.220177,-0.647699,-1.183175,0.323223,A
0.809204,-0.29123899999999997,0.036468,-0.399281,0.976743,-0.6401819999999999,-1.32759,-0.172274,1.03071,0.33488,I
0.031541,0.2976,-3.210528,-0.5835899999999999,-0.721442,0.397939,0.069175,0.092921,0.095265,0.437855,A
-0.277055,0.030659,0.44189799999999996,0.131866,0.17234000000000002,0.190314,0.069175,0.032986,-0.5283640000000001,0.255847,D
-0.215336,0.776522,0.5023569999999999,-1.289141,-0.721442,2.2942400000000003,0.24534299999999998,-0.5261779999999999,0.168022,2.058776,A
0.13029200000000002,-0.024299,0.24629600000000001,0.12100599999999999,0.08296100000000001,0.14879,0.408929,0.219723,-0.37245700000000004,0.026486000000000003,A
0.056228999999999994,0.533135,0.185837,0.8828010000000001,0.261718,0.10726500000000001,0.597681,0.792167,0.126447,-0.125915,A
-0.240024,-0.424709,0.089814,1.094532,0.261718,1.560634,0.144676,0.39355,0.344717,1.461673,A
-0.06721,-0.275537,0.253409,0.371526,-1.0789549999999999,1.311485,0.106925,-0.523926,0.001721,1.242933,A
0.15498,-0.38545300000000005,0.381439,0.314237,0.261718,0.14879,-0.044076,0.231431,-0.341275,0.284405,F
0.019197,0.038511000000000004,0.19295,0.323367,0.261718,0.231839,0.031425,0.313558,0.251173,0.319293,F
0.204355,-0.275537,0.360101,-0.278884,0.261718,0.024215,0.182426,-0.656668,-0.590727,0.041422,A
-0.00549,0.054213,0.32098000000000004,0.804804,0.17234000000000002,-0.10036,-0.42158,0.341225,1.498432,0.306551,X
-0.054866,0.179832,0.23918299999999998,-1.170087,0.261718,0.14879,0.446679,1.20787,0.687713,0.014165,E
-0.277055,0.038511000000000004,0.42056000000000004,3.9871519999999996,0.17234000000000002,-0.14188399999999998,-3.177361,1.8696840000000001,0.905984,0.221755,X
0.500607,0.140576,0.388552,-0.637358,0.261718,-2.716425,-1.063338,-0.899594,-3.4906040000000003,-1.9475060000000002,H
0.25373,-2.426761,0.352988,-0.05119,-0.095795,-0.557133,-0.232828,0.920134,-0.029461,-0.255255,A
-0.277055,-0.251983,-3.203415,1.9579259999999998,0.261718,2.308081,0.446679,1.9328419999999997,1.6855200000000001,2.0127610000000002,X
-3.4123919999999996,0.148427,0.438342,-1.0477809999999999,-3.22403,-0.183409,-0.38383,1.7177,-0.684271,0.170907,E
0.809204,-0.16562000000000002,0.025799000000000002,0.7121270000000001,0.887365,-1.055431,-1.554093,0.54299,1.623157,0.03754,I
0.364825,-0.149918,0.17161099999999999,0.042769999999999996,0.261718,-0.30798400000000004,0.106925,0.456805,-0.310094,-0.207975,F
0.09326,0.148427,0.17161099999999999,0.9707040000000001,0.17234000000000002,2.72333,-2.799857,-1.5150430000000001,-1.058449,0.044906,A
-0.770809,-0.11066199999999998,0.32809299999999997,0.26205,0.17234000000000002,0.314889,0.069175,-0.358759,0.46944300000000005,0.369913,D
0.006853,0.077766,0.342319,-0.12859,0.261718,-0.349509,-0.081827,0.319732,0.032902,-0.1402,F
-0.28939899999999996,0.09346900000000001,0.402778,-0.087353,-1.436467,0.231839,0.257927,0.522623,0.095265,0.218741,E
-2.215039,-0.29909,0.352988,0.05485399999999999,-1.704602,1.4360600000000001,0.55993,-0.744892,0.001721,1.078163,A
-0.00549,0.48602799999999996,0.11826500000000001,0.44656899999999994,0.261718,-0.14188399999999998,0.55993,0.293774,0.282354,-0.272301,G
0.031541,0.140576,0.399221,-0.817372,0.261718,-0.6401819999999999,0.446679,0.8023600000000001,0.7500760000000001,-0.679752,H
0.47591999999999995,-0.28338800000000003,0.107596,0.080127,0.976743,-1.22153,-1.25209,-0.5196350000000001,1.46725,-0.323945,I
0.14263599999999999,-1.916434,-0.023991,-0.504341,0.261718,0.480988,0.333428,0.8937879999999999,0.531806,0.373456,A
0.13029200000000002,-0.212727,0.32453699999999996,0.386474,0.261718,0.439463,0.144676,-0.650786,-0.154186,0.44525699999999996,F
-3.498799,0.48602799999999996,0.139604,-5.440122,-0.006417,0.14879,0.6354310000000001,0.038073,-2.430434,-0.090437,A
0.31545,0.517433,-0.002652,-2.543473,0.261718,-1.055431,0.031425,0.197415,-0.278912,-0.8625079999999999,F
0.056228999999999994,-0.087108,0.089814,1.312409,0.08296100000000001,-0.9308559999999999,0.220177,-1.8573169999999999,-1.8691669999999998,-0.824775,A
-2.215039,-0.17347100000000001,3.9413989999999997,-1.56941,-2.5090049999999997,-3.1731979999999997,-5.706639,2.59782,-3.303515,-4.782908,A
0.15498,0.140576,0.228514,0.766134,-1.257711,0.813187,0.52218,0.069293,-0.247731,0.553825,A
0.229043,-0.016447999999999997,0.317424,-0.526838,0.261718,-0.474083,0.333428,-0.716527,0.001721,-0.478696,F
-3.498799,0.20338499999999998,0.9540200000000001,-2.2225650000000003,-4.9222150000000005,-1.802878,-3.2906120000000003,-1.65231,-2.492797,-2.8219,A
-3.498799,0.745117,0.150273,0.685183,-4.9222150000000005,-0.349509,0.52218,1.299725,-2.305708,-0.463688,A
-0.017834,0.336855,0.235627,-0.5111439999999999,-0.81082,0.688613,0.673182,-1.170167,-0.43482,0.35526599999999997,G
-0.16596,-0.26768600000000004,0.256965,0.051662,0.261718,0.522513,-1.2143389999999998,-1.151082,-0.933723,1.43062,A
0.562327,-0.000745,-3.210528,-2.832246,0.261718,-0.474083,0.371178,-0.288941,-0.154186,-0.500516,A
0.043885,0.274046,0.182281,0.095763,0.261718,2.432656,0.295677,-2.03524,-1.557353,2.135989,F
0.13029200000000002,-1.6494939999999998,-3.210528,-2.636061,-2.419627,0.231839,0.673182,-1.340324,-2.3368900000000004,-0.036322,A
-0.8819040000000001,-1.9478389999999999,0.21784499999999998,2.046336,0.17234000000000002,1.519109,1.352689,-0.082419,1.872609,0.678138,X
0.15498,-0.236281,0.015130000000000001,0.558909,0.17234000000000002,0.480988,-0.006326,0.33079899999999995,0.219991,0.575669,A
0.512951,-0.306942,0.061363,1.371548,0.976743,-0.723232,-1.25209,0.8703719999999999,1.093072,0.210194,I
-0.00549,-0.259834,0.367214,-0.156667,0.261718,-0.432558,-0.34608,0.103755,0.064084,-0.06413300000000001,F
0.019197,0.038511000000000004,0.19295,0.323367,0.261718,0.273364,0.106925,-0.21673499999999998,-0.091823,0.316749,F
-2.4495720000000003,4.835583,0.352988,0.048976,-2.419627,-0.9308559999999999,0.295677,2.7333,-2.8669740000000004,-0.8766719999999999,A
-0.141273,0.7294149999999999,0.07914500000000001,0.15170899999999998,0.261718,-0.349509,0.295677,0.269757,0.032902,-0.354456,F
-0.696746,-0.055704,-3.210528,0.628849,0.261718,0.356414,-0.157328,1.0367629999999999,0.064084,0.539673,W
-0.06721,-0.43256000000000006,-3.210528,-0.875108,0.17234000000000002,-0.01731,-0.157328,-1.053461,-0.091823,0.196487,A
0.09326,0.42321800000000004,0.022241999999999998,-0.203782,0.08296100000000001,0.813187,-0.157328,-0.7246229999999999,-1.2455379999999998,0.921278,A
0.24138600000000002,-0.126364,0.41700299999999996,0.096091,0.17234000000000002,0.605563,0.597681,0.377648,0.594169,0.327117,A
-0.128929,-0.409007,0.17516800000000002,-0.256565,0.08296100000000001,0.564038,0.899684,1.3122479999999999,0.7500760000000001,0.151606,E
-0.301743,-0.055704,0.210732,-0.147477,0.261718,1.602159,0.182426,-1.842756,-0.9649049999999999,1.468364,E
-0.10424100000000001,-0.07925700000000001,0.011573,0.22090300000000002,0.261718,0.605563,1.0129350000000001,0.165186,0.282354,0.098829,A
-0.215336,0.28189699999999995,0.107596,0.73922,0.08296100000000001,0.190314,-0.006326,0.359747,0.687713,0.296147,E
0.10560399999999999,0.556689,-0.031104000000000003,0.619301,0.17234000000000002,-0.22493400000000002,0.144676,0.9203479999999999,0.282354,-0.164793,A
0.401857,-0.29909,0.32809299999999997,0.432395,-1.257711,0.273364,0.333428,0.6921390000000001,-0.185368,0.19071300000000002,A
-0.314087,0.540986,-0.041773000000000005,0.8825620000000001,0.261718,0.9377620000000001,0.069175,0.191299,0.001721,0.95355,F
-0.16596,0.007106,-2.1720580000000003,-0.165858,0.261718,0.10726500000000001,-0.006326,1.6980509999999998,0.8748020000000001,0.239427,E
-0.202992,-0.377602,0.43478500000000003,0.24480300000000002,-0.721442,-1.096956,0.031425,2.137228,1.061891,-0.88669,E
0.47591999999999995,-0.28338800000000003,0.107596,0.080127,0.976743,-1.636779,-1.063338,-0.712954,0.62535,-0.8361430000000001,I
0.031541,-0.11851300000000001,0.37432600000000005,-0.066706,0.261718,0.14879,0.220177,0.681674,0.500624,0.12756800000000001,A
0.167323,0.148427,0.278304,-0.289596,0.261718,-0.8062819999999999,0.6354310000000001,0.265815,0.594169,-0.9364899999999999,H
0.019197,-0.338346,-0.358293,-0.113223,0.17234000000000002,3.346203,0.295677,-1.7524549999999999,-1.775623,2.986901,A
0.229043,-0.22843000000000002,0.32453699999999996,-0.8691409999999999,0.261718,-1.055431,0.257927,-0.259993,0.001721,-0.9717389999999999,F
0.031541,0.140576,0.399221,-0.817372,0.261718,-0.183409,0.371178,0.477948,0.40708,-0.23970300000000003,H
0.043885,0.007106,1.348781,-1.2493969999999999,-0.185173,-0.557133,-0.044076,2.353166,0.438262,-0.36649899999999996,E
-0.252367,-0.11066199999999998,0.452567,0.8883209999999999,0.17234000000000002,1.26996,0.257927,-0.6356609999999999,-0.278912,1.10683,D
-0.178304,-0.189174,0.26407800000000003,-0.6404920000000001,0.17234000000000002,1.145386,0.106925,-1.203678,-1.2767190000000002,1.082648,A
-0.363462,-0.189174,0.641057,0.681245,0.17234000000000002,0.10726500000000001,-0.006326,0.672646,0.594169,0.224286,C
0.080916,0.313302,0.07914500000000001,0.5889850000000001,0.261718,0.522513,0.144676,-0.31808400000000003,-0.341275,0.52241,F
-0.363462,0.23479,0.000904,0.759778,0.261718,0.024215,0.55993,0.46311499999999994,0.531806,-0.160308,G
1.130144,-0.087108,-0.002652,-0.47963500000000003,0.08296100000000001,-0.474083,0.371178,0.43191499999999994,-0.715453,-0.509317,A
0.14263599999999999,-0.377602,0.32809299999999997,-0.039583,0.261718,0.190314,0.597681,-0.823408,-0.746634,-0.060673000000000005,F
-0.26471100000000003,-0.09496,0.015130000000000001,-0.597346,0.261718,0.273364,0.710932,-1.110465,-0.43482,-0.036551,E
-0.054866,0.580242,0.032912000000000004,-0.016668000000000002,0.261718,0.854712,0.031425,0.445486,0.219991,0.9136110000000001,A
-0.017834,-0.22843000000000002,0.37077,1.293671,0.17234000000000002,0.522513,0.106925,0.8700620000000001,2.028517,0.562433,X
0.759828,-1.304042,-0.023991,-0.973663,-0.006417,0.813187,-2.2336,1.136616,1.903791,2.609177,I
0.15498,-0.189174,0.24629600000000001,-1.223587,0.08296100000000001,0.8962370000000001,0.106925,1.306287,0.126447,0.889766,A
0.117948,-0.29123899999999997,0.306755,0.25599299999999997,0.17234000000000002,0.813187,0.371178,-0.5261779999999999,0.219991,0.638308,A
-0.00549,-0.660245,0.345875,-0.27058899999999997,0.261718,1.145386,0.144676,-1.140287,-0.278912,1.082407,A
0.303106,0.352558,0.082701,0.7039810000000001,0.261718,-0.349509,0.220177,0.597314,-0.185368,-0.317025,F
0.229043,-0.008597,0.17516800000000002,0.087408,0.17234000000000002,-0.723232,0.106925,0.031724,-0.310094,-0.5939800000000001,A
-0.240024,-0.534626,0.075589,-0.617039,0.17234000000000002,3.097054,0.295677,-1.552573,-1.744441,2.728909,E
-0.091897,0.34470700000000004,0.182281,0.722749,0.261718,1.35301,-0.006326,-0.943163,0.31353600000000004,1.3682940000000001,H
-0.22768000000000002,-0.9978459999999999,0.356544,-0.026931999999999998,0.261718,1.311485,0.446679,-1.220764,-0.715453,1.062286,D
0.352481,-0.448263,0.196506,-0.5280020000000001,0.976743,-0.681707,-1.893847,-0.547574,0.687713,0.690483,I
0.080916,-0.24413200000000002,0.214288,-0.37914000000000003,0.261718,0.439463,1.805694,0.507013,0.31353600000000004,-0.42681099999999994,F
-0.202992,-0.000745,-3.210528,-0.5272560000000001,0.08296100000000001,0.771662,0.408929,0.197571,0.126447,0.588062,D
0.15498,-0.16562000000000002,-3.210528,-1.3206799999999999,-0.185173,-0.30798400000000004,0.484429,0.340506,0.157628,-0.41533400000000004,A
0.13029200000000002,-0.157769,0.577041,-0.670986,0.17234000000000002,-0.847807,0.55993,0.543903,0.594169,-0.921795,C
0.229043,-0.354049,0.182281,0.210878,0.261718,0.564038,0.484429,-0.019785,-0.091823,0.352034,A
-0.00549,-0.28338800000000003,0.214288,-2.421913,0.17234000000000002,-1.5537290000000001,-2.799857,-2.6133919999999997,-1.5885340000000001,-2.719806,A
0.364825,-0.047852,-0.038216,0.327813,0.261718,-0.30798400000000004,0.182426,0.860742,0.095265,-0.24945599999999998,A
0.37716900000000003,0.014957,0.381439,0.29275300000000004,0.261718,-0.9308559999999999,0.220177,1.368572,1.217798,-0.8426049999999999,H
-0.030177999999999996,0.572391,5.083004,-0.109553,-1.257711,0.314889,0.333428,0.8928940000000001,0.344717,0.215606,G
0.031541,0.2976,-3.210528,-0.5835899999999999,-0.721442,0.799346,1.302355,-0.20733800000000002,0.334323,0.10385599999999999,A
0.117948,-0.29909,0.47390600000000005,-0.204438,0.08296100000000001,0.231839,0.6354310000000001,-0.302124,0.126447,-0.027919,A
0.14263599999999999,-0.369751,0.413447,0.301347,0.17234000000000002,-0.22493400000000002,0.333428,0.558192,-0.247731,-0.268298,F
-0.252367,0.06991499999999999,0.24629600000000001,0.52355,0.261718,1.103861,1.6546919999999998,0.47371599999999997,1.061891,0.178887,E
-0.00549,0.054213,0.32098000000000004,0.804804,0.17234000000000002,-0.01731,0.7864329999999999,0.732232,1.747883,-0.312203,X
0.117948,0.289748,0.392108,-1.747095,0.261718,1.186911,0.144676,0.573996,-0.590727,1.132629,A
-0.22768000000000002,-0.503221,0.40633400000000003,-0.671732,0.261718,-0.22493400000000002,0.484429,0.596634,0.251173,-0.343631,E
-0.202992,-0.47966800000000004,-3.210528,-0.88764,0.261718,-0.723232,-0.534832,-1.009097,0.46944300000000005,-0.24236799999999997,D
0.47591999999999995,-0.338346,0.047137,-0.0009720000000000001,0.976743,-0.01731,-0.8745850000000001,-0.817389,0.812439,0.656716,I
0.10560399999999999,-0.149918,0.438342,0.934659,0.261718,0.06573999999999999,0.371178,-1.324733,-1.93153,-0.011066,A
0.080916,0.014957,0.064919,0.346104,0.17234000000000002,0.522513,0.408929,0.030715,0.064084,0.364306,A
-0.363462,-0.008597,0.256965,-0.22634,0.261718,0.9377620000000001,-0.270579,1.495568,1.280161,1.158607,E
-0.128929,0.705861,0.413447,2.004055,0.6192300000000001,2.225032,-1.629594,0.23574099999999998,0.344717,3.607101,Y
0.24138600000000002,-0.322644,0.28186,0.27461199999999997,0.261718,-0.8062819999999999,0.597681,1.0279479999999999,0.375899,-0.9105110000000001,F
-0.128929,0.383963,0.23206999999999997,1.248675,0.261718,1.311485,0.371178,0.037179000000000004,-0.559546,1.1005260000000001,A
-0.00549,-0.220579,-3.210528,1.071885,0.261718,0.688613,0.408929,0.032074,-0.466001,0.522,A
0.031541,0.140576,0.399221,-0.817372,0.261718,-1.3045799999999999,1.5036909999999999,0.240052,1.24898,-1.707645,H
-0.030177999999999996,-0.189174,0.24273899999999998,-0.40879899999999997,0.261718,-1.22153,-0.044076,-0.831252,-0.154186,-0.9765370000000001,F
0.266074,0.556689,-0.020434,0.176624,0.261718,-0.557133,0.408929,0.467308,0.562987,-0.5995010000000001,G
-0.215336,-1.296191,0.491688,1.050073,0.6192300000000001,-1.470679,-1.516343,-0.22013200000000002,0.219991,-0.423846,X
0.13029200000000002,0.077766,-0.045329,0.285383,-0.095795,1.311485,0.6354310000000001,0.256244,0.095265,0.931525,A
-0.10424100000000001,-0.07925700000000001,0.011573,0.22090300000000002,0.261718,-0.723232,1.050686,0.154565,-0.37245700000000004,-1.042201,A
-2.573011,0.06991499999999999,0.24629600000000001,-3.018853,0.08296100000000001,-2.052027,0.371178,0.529147,-3.241152,-1.908881,H
-0.10424100000000001,-0.197025,0.22140100000000001,0.17367,0.261718,0.854712,-0.119577,-0.536352,-0.247731,0.9864,F
0.080916,-0.24413200000000002,0.45968000000000003,0.426726,0.261718,0.356414,0.748682,0.14177,0.251173,0.025811,A
-2.523635,-0.346197,-2.349878,-0.775688,0.17234000000000002,-0.10036,0.182426,0.617506,-0.091823,-0.074476,F
0.401857,-0.220579,-3.210528,-1.1855129999999998,-1.168333,-0.22493400000000002,0.55993,-0.137753,0.282354,-0.362618,A
0.809204,-0.09496,0.11826500000000001,0.987502,0.976743,-1.013906,-1.2143389999999998,-2.237044,-1.027268,-0.114728,I
-0.042522000000000004,-0.416858,0.569929,-2.224653,0.08296100000000001,2.972479,0.408929,-0.7079449999999999,-0.621908,2.578653,D
0.37716900000000003,-0.07925700000000001,0.153829,-1.1029520000000002,0.261718,-0.266459,0.106925,0.8864479999999999,-0.715453,-0.179753,A
0.043885,0.19553399999999999,0.260522,-0.393821,0.261718,0.522513,0.220177,-0.08141,0.344717,0.491199,G
-0.33877399999999996,-0.26768600000000004,0.44189799999999996,0.616019,0.440474,-0.9723809999999999,-1.2143389999999998,0.9493739999999999,2.8080529999999997,-0.092402,X
0.809204,-0.09496,0.11826500000000001,0.987502,0.976743,-0.8062819999999999,-1.32759,1.0812629999999999,1.436069,0.158658,I
0.006853,-0.668096,0.477462,1.62168,0.17234000000000002,2.308081,0.446679,-0.058655,-0.278912,1.929183,A
-0.042522000000000004,-0.3619,0.47034899999999996,-0.310721,0.261718,-0.681707,0.106925,-0.386368,-0.715453,-0.548556,F
-0.22768000000000002,-0.9978459999999999,0.356544,-0.026931999999999998,0.261718,1.768258,0.748682,-1.6801709999999999,-0.621908,1.2456690000000001,D
-0.240024,0.117022,0.235627,0.902912,0.17234000000000002,-0.01731,0.257927,1.136519,1.124254,0.001074,E
0.266074,0.580242,0.11470899999999999,-0.165469,0.261718,-0.058835000000000005,0.446679,-0.5457489999999999,-0.278912,-0.181489,A
0.562327,-0.000745,-3.210528,-2.832246,0.261718,-0.349509,0.220177,1.004941,0.282354,-0.318556,A
-0.28939899999999996,0.09346900000000001,0.402778,-0.087353,-1.436467,0.06573999999999999,0.484429,0.5791029999999999,0.31353600000000004,-0.07294500000000001,E
0.15498,-0.471816,0.50947,1.205082,0.261718,0.231839,0.55993,0.618166,-0.37245700000000004,0.018734999999999998,A
0.080916,-0.071406,0.160942,1.2255209999999999,0.17234000000000002,-0.515608,0.144676,0.713341,0.064084,-0.427547,A
-0.202992,-0.016447999999999997,0.594823,-1.5818219999999998,-0.363929,-1.2630549999999998,0.484429,0.915358,0.843621,-1.258591,E
0.192011,-0.03215,0.452567,-0.877078,0.261718,-0.6401819999999999,0.408929,-1.567834,-0.559546,-0.6691560000000001,A
0.661077,-0.20487600000000003,-3.075385,0.47103599999999995,1.0661209999999999,0.024215,-1.25209,0.689285,2.059698,0.959312,I
-0.38815,0.321153,0.107596,0.886232,0.351096,0.771662,0.408929,0.503946,-0.060641999999999995,0.59591,F
0.438888,0.289748,0.14315999999999998,-0.282494,0.261718,-0.30798400000000004,0.371178,-0.349206,0.18880999999999998,-0.355553,A
0.14263599999999999,-0.448263,0.438342,0.978909,0.261718,1.643684,-0.044076,-0.621721,-0.43482,1.6681540000000001,F
-0.26471100000000003,-0.275537,0.384996,1.343918,0.261718,0.688613,0.144676,-0.144762,-1.463808,0.665733,A
0.278418,-0.197025,0.23918299999999998,-0.73839,0.261718,0.854712,0.6354310000000001,-1.484037,-0.216549,0.528522,F
0.266074,0.556689,-0.020434,0.176624,0.261718,-0.847807,0.446679,1.085185,0.594169,-0.8733569999999999,G
3.265629,-0.251983,0.125378,-2.1238599999999996,0.976743,-1.5952540000000002,-1.25209,1.397909,0.812439,-0.705779,I
-0.054866,0.20338499999999998,0.05425,-0.028782,0.261718,1.394535,0.144676,-0.8478709999999999,-0.091823,1.325884,G
0.327793,-2.426761,0.008017,-0.54498,-0.006417,0.10726500000000001,0.182426,-0.19992100000000002,0.282354,0.111354,A
-0.054866,0.22693899999999997,0.32098000000000004,-0.905841,0.261718,0.605563,0.861934,-1.990682,-0.715453,0.20861500000000002,H
0.229043,0.807926,-0.052441999999999996,0.082634,0.261718,-0.764757,0.371178,0.49728599999999995,-0.091823,-0.76861,F
0.043885,0.007106,1.348781,-1.2493969999999999,-0.185173,-1.22153,0.220177,1.693236,-0.185368,-1.103948,E
4.524702,-0.134216,0.23206999999999997,-2.514351,-0.9001979999999999,-0.6401819999999999,0.220177,-0.649893,-0.8401790000000001,-0.565735,F
-0.511588,-0.620989,0.491688,-2.053711,-0.006417,3.4292519999999995,-0.308329,-1.1876799999999998,-1.93153,3.521148,D
-0.215336,0.250492,0.47390600000000005,1.1870889999999998,0.17234000000000002,1.186911,2.4097009999999996,-0.555651,1.124254,-0.12073199999999999,X
0.364825,-0.000745,-0.052441999999999996,1.293223,0.976743,-0.22493400000000002,-0.9500860000000001,0.6146520000000001,2.1532419999999997,0.515912,I
-0.33877399999999996,-0.29123899999999997,0.520139,1.054429,0.261718,-0.10036,-0.270579,1.123219,0.219991,0.165457,E
-0.153617,-0.22843000000000002,0.48813100000000004,0.580183,0.261718,0.480988,0.333428,1.0220850000000001,0.032902,0.366175,A
-0.301743,-0.314793,0.399221,0.77052,0.708609,0.564038,-1.32759,-0.14382999999999999,0.8748020000000001,1.555209,Y
-0.33877399999999996,-0.29123899999999997,0.520139,1.054429,0.261718,1.26996,0.257927,0.264981,0.438262,1.136631,E
0.14263599999999999,0.48602799999999996,0.100483,-0.448543,0.17234000000000002,0.231839,0.220177,0.028908999999999997,0.46944300000000005,0.23183299999999998,A
0.056228999999999994,-0.29123899999999997,0.23918299999999998,0.767954,0.17234000000000002,0.688613,0.069175,0.172253,-0.029461,0.719668,A
-3.498799,10.653310000000001,-3.210528,0.06482,-4.9222150000000005,-0.391033,0.144676,1.341934,-1.027268,-0.30857399999999996,A
0.29076199999999996,-0.181323,0.44189799999999996,-1.339925,0.261718,-0.515608,0.182426,-0.677133,0.064084,-0.447028,F
-0.042522000000000004,0.140576,0.089814,0.07231,0.261718,1.394535,0.257927,-2.150743,-1.49499,1.246887,A
0.080916,-0.071406,0.160942,1.2255209999999999,0.17234000000000002,-0.266459,-3.13961,0.619525,0.500624,-1.7921029999999998,A
0.352481,-0.448263,0.196506,-0.5280020000000001,0.976743,-0.349509,-0.9500860000000001,-0.820535,0.843621,0.374481,I
0.167323,-0.322644,0.306755,-0.5435479999999999,0.261718,-0.764757,0.106925,-0.03922,-0.247731,-0.639259,F
-3.498799,0.674456,0.210732,-1.548822,-4.9222150000000005,-0.432558,0.52218,0.41199399999999997,-0.029461,-0.547013,A
0.21669899999999997,0.124874,-3.210528,-0.8869239999999999,0.261718,-0.14188399999999998,0.408929,0.375318,0.157628,-0.225189,A
0.043885,0.030659,0.537921,-2.244735,0.261718,-1.5952540000000002,0.257927,-2.0314740000000002,-0.933723,-1.448664,E
-0.054866,0.22693899999999997,0.32098000000000004,-0.905841,0.261718,0.854712,0.7864329999999999,-2.238791,-1.8379860000000001,0.491886,H
-3.498799,-0.754459,0.477462,1.600496,-4.9222150000000005,0.730137,0.710932,0.49973199999999995,-0.87136,0.379979,X
0.068573,-0.016447999999999997,0.27474699999999996,-0.03633,0.261718,-0.598658,0.182426,-0.128298,0.687713,-0.528822,H
0.29076199999999996,0.156278,0.136047,1.401386,0.08296100000000001,-0.22493400000000002,-0.044076,0.668239,0.001721,-0.061734000000000004,A
0.068573,0.22693899999999997,0.015130000000000001,-0.6098180000000001,-1.0789549999999999,1.0208110000000001,0.333428,-0.809875,-0.216549,0.8465600000000001,A
0.080916,-0.29123899999999997,0.356544,0.226662,0.261718,-0.723232,0.333428,-0.245878,-0.8089970000000001,-0.709468,F
0.17966700000000002,-0.212727,0.132491,-1.3065069999999999,0.261718,0.397939,0.673182,0.8524129999999999,0.375899,0.11083599999999999,A
0.080916,0.20338499999999998,0.310311,0.26950999999999997,0.261718,-0.183409,0.257927,0.590208,0.126447,-0.178729,H
0.13029200000000002,-0.157769,0.577041,-0.670986,0.17234000000000002,-0.8062819999999999,0.333428,-1.029658,-0.777816,-0.783559,C
0.031541,-0.11851300000000001,0.37432600000000005,-0.066706,0.261718,0.439463,0.144676,-0.616323,0.438262,0.43841,A
0.229043,-0.181323,0.23206999999999997,-0.893459,0.261718,-1.1800059999999999,-0.119577,0.212948,0.375899,-0.903049,F
0.117948,0.23479,0.050694,0.22045599999999999,0.261718,-0.515608,0.333428,-0.493521,-0.621908,-0.5327029999999999,A
0.13029200000000002,-0.314793,0.41700299999999996,1.051058,0.08296100000000001,1.685209,0.937434,0.015434,-0.060641999999999995,1.097307,A
-0.042522000000000004,-0.3619,0.47034899999999996,-0.310721,0.261718,-1.096956,-0.119577,0.506528,0.251173,-0.8267639999999999,F
-0.252367,-0.063555,0.594823,0.8912450000000001,0.529852,0.480988,-3.479364,1.002882,2.465057,-0.9531860000000001,X
-0.06721,0.336855,0.22140100000000001,-0.311258,0.261718,0.8962370000000001,0.031425,-0.258769,-0.12300499999999999,0.9302469999999999,G
-0.00549,0.611647,0.022241999999999998,1.0121790000000002,0.261718,0.231839,0.484429,1.097008,0.219991,0.053212,A
0.4142,-0.471816,0.23918299999999998,1.018385,0.887365,-1.38763,-1.1765889999999999,-2.021009,-2.1498009999999996,-0.540805,I
-0.190648,-0.691649,0.28186,-0.194472,0.17234000000000002,-0.10036,0.408929,0.136742,1.24898,-0.19387000000000001,E
0.266074,0.21123699999999998,0.11470899999999999,0.937882,0.261718,1.228436,0.371178,0.889069,-0.37245700000000004,1.013837,A
-0.128929,0.06991499999999999,0.313868,0.5105109999999999,0.08296100000000001,0.854712,0.371178,-0.151053,0.31353600000000004,0.678114,H
0.24138600000000002,-0.322644,0.310311,0.49055,0.261718,0.397939,0.408929,0.5382140000000001,-0.060641999999999995,0.255449,A
-0.635027,-0.448263,0.299642,1.407861,0.17234000000000002,0.356414,-1.5918430000000001,0.95914,1.716702,1.580609,Y
0.17966700000000002,-0.17347100000000001,0.121822,-1.139205,0.17234000000000002,-1.1384809999999999,0.144676,-1.026357,-0.5283640000000001,-0.9952110000000001,A
-0.06721,0.336855,0.22140100000000001,-0.311258,0.261718,-0.557133,0.295677,0.9594889999999999,0.31353600000000004,-0.539539,G
-0.116585,0.20338499999999998,5.49199,1.8528060000000002,-1.436467,2.017408,0.106925,0.043005,-0.154186,1.9005169999999998,A
-0.10424100000000001,-0.456114,0.484575,0.14380199999999999,0.261718,-0.058835000000000005,0.220177,-0.083953,-0.87136,-0.046014,F
-0.462213,0.352558,0.150273,0.5604899999999999,0.261718,1.394535,-0.044076,-0.5075,0.032902,1.428618,E
0.34013699999999997,0.399665,0.207175,-0.724993,0.261718,-0.847807,-0.006326,-0.547204,0.157628,-0.656907,A
0.080916,-0.24413200000000002,0.214288,-0.37914000000000003,0.261718,0.024215,0.55993,-0.818224,-0.9649049999999999,-0.151581,F
0.14263599999999999,-0.142067,0.24629600000000001,0.789259,-1.347089,1.228436,0.673182,0.34623400000000004,-0.029461,0.835843,A
0.117948,-0.212727,0.23206999999999997,0.807221,-1.0789549999999999,-0.01731,0.484429,-0.692199,-1.401445,-0.157222,A
-0.141273,1.5537889999999999,0.5414770000000001,-0.649324,-1.257711,1.311485,-0.157328,0.333867,0.126447,1.4669780000000001,D
-0.091897,-0.11851300000000001,0.189393,1.280303,0.261718,0.813187,0.069175,0.254399,-1.058449,0.8233540000000001,A
-0.437525,0.42321800000000004,0.388552,0.6208520000000001,0.17234000000000002,-0.6401819999999999,0.257927,1.156245,0.438262,-0.58941,E
0.229043,-0.22843000000000002,0.32453699999999996,-0.8691409999999999,0.261718,-0.9723809999999999,0.106925,-0.408171,0.095265,-0.8254379999999999,F
0.167323,0.117022,0.047137,-0.174809,0.261718,0.647088,0.257927,-0.848726,-0.466001,0.561601,A
0.389513,-0.220579,-3.210528,-2.624155,0.261718,0.522513,0.484429,-1.7017810000000002,-1.2455379999999998,0.322693,A
-0.017834,-0.330495,0.48813100000000004,-0.183313,0.17234000000000002,-0.9723809999999999,-0.044076,-0.627798,-0.590727,-0.7363390000000001,F
0.117948,0.6273489999999999,0.075589,0.831628,0.261718,1.477585,0.408929,-0.22432600000000003,-0.091823,1.2101790000000001,A
-3.498799,16.965662,0.384996,1.655159,-4.9222150000000005,-1.802878,-2.535604,3.5577360000000002,-3.8959629999999996,-2.835173,E
-0.240024,-0.29909,0.694403,0.955725,0.6192300000000001,-0.349509,-1.25209,1.6877799999999998,1.404887,0.6214189999999999,Y
0.303106,0.022808000000000002,0.14671700000000001,-1.8158419999999997,0.261718,-0.681707,0.257927,-1.252469,-0.403638,-0.635498,A
0.068573,0.289748,0.107596,1.267115,0.261718,1.103861,0.069175,1.3198,-0.247731,1.100839,A
0.17966700000000002,2.660806,0.096927,-1.474226,-0.006417,-0.598658,0.597681,0.802826,0.687713,-0.724694,G
-0.560964,0.329004,0.296086,0.755571,0.261718,-0.432558,-0.119577,1.540262,0.812439,-0.199777,E
0.21669899999999997,0.2976,0.249852,-0.041313,0.261718,-0.8062819999999999,-0.044076,0.760889,0.531806,-0.594197,A
0.14263599999999999,-0.24413200000000002,-3.206971,0.165524,0.887365,1.145386,-1.063338,0.29072600000000004,0.687713,1.964421,I
0.09326,-0.055704,0.068476,0.305076,0.261718,1.394535,1.0129350000000001,0.10859,-0.091823,0.7709020000000001,A
0.019197,0.525284,0.068476,0.166658,0.261718,-0.349509,0.144676,0.166505,0.18880999999999998,-0.272276,F
-0.47455699999999995,0.446772,-3.210528,-0.7161609999999999,0.351096,4.508898,0.597681,-2.384407,-2.679886,3.7440230000000003,A
0.13029200000000002,-0.212727,0.32453699999999996,0.386474,0.261718,0.06573999999999999,0.6354310000000001,0.324508,-0.029461,-0.161321,F
0.15498,-0.275537,0.41700299999999996,0.813815,0.261718,-0.515608,0.333428,0.7331449999999999,0.344717,-0.5240239999999999,A
-0.042522000000000004,-0.46396499999999996,0.392108,0.22699,0.261718,-0.681707,0.52218,0.393938,-0.278912,-0.763933,E
-0.16596,-0.26768600000000004,0.256965,0.051662,0.261718,0.14879,0.446679,0.434555,-0.12300499999999999,0.041374,A
0.327793,0.50173,0.050694,-1.0183010000000001,0.261718,-0.474083,0.673182,-0.35109,-0.247731,-0.65581,G
0.10560399999999999,0.289748,0.17161099999999999,-0.22004400000000002,0.261718,-0.8062819999999999,0.446679,0.21725799999999998,-0.060641999999999995,-0.8313209999999999,A
-0.240024,-0.29909,0.694403,0.955725,0.6192300000000001,0.14879,-1.705095,0.8545299999999999,2.1844240000000004,1.43608,Y
-3.498799,17.570202,0.05425,0.42830799999999997,-4.9222150000000005,-1.1384809999999999,0.9751850000000001,1.3738920000000001,-1.775623,-1.356949,C
0.019197,0.619498,0.032912000000000004,-0.18385,0.261718,1.0623360000000002,-0.308329,-2.4361099999999998,-1.619716,1.24796,G
0.031541,0.2976,-3.210528,-0.5835899999999999,-0.721442,-0.22493400000000002,0.899684,0.8292510000000001,0.219991,-0.54676,A
-0.141273,1.5537889999999999,0.5414770000000001,-0.649324,-1.257711,2.515706,-0.006326,-0.903438,-1.8691669999999998,2.436475,D
0.043885,0.407516,0.047137,0.460921,0.261718,-0.681707,-0.044076,0.76883,0.095265,-0.47990200000000005,F
0.37716900000000003,0.179832,0.064919,-1.533962,0.261718,0.314889,0.371178,-0.477814,-0.403638,0.196258,A
-0.153617,9.65621,0.05425,0.56598,-1.0789549999999999,1.0623360000000002,0.257927,0.48724799999999996,0.251173,0.930693,F
-0.252367,-0.063555,0.594823,0.8912450000000001,0.529852,-0.515608,2.220949,-0.348876,0.219991,-0.6760390000000001,X
0.15498,-0.236281,0.015130000000000001,0.558909,0.17234000000000002,-0.723232,0.031425,1.169972,-2.399252,-0.5572,A
-0.16596,0.007106,-2.1720580000000003,-0.165858,0.261718,-1.38763,-0.34608,1.662812,0.8748020000000001,-0.9788040000000001,E
0.266074,0.580242,0.11470899999999999,-0.165469,0.261718,-0.6401819999999999,0.371178,0.5981489999999999,0.219991,-0.654533,A
0.229043,0.124874,0.182281,0.686496,0.261718,0.564038,0.673182,0.354719,-0.12300499999999999,0.250048,A
0.25373,-0.338346,-3.210528,-1.790689,0.351096,-0.598658,0.182426,0.137849,-0.154186,-0.523373,A
0.57467,0.085618,0.310311,-2.167514,0.261718,-1.3045799999999999,0.55993,-1.935096,-0.684271,-1.323122,H
0.229043,0.572391,0.050694,-0.980138,-0.27455100000000005,-2.882524,-2.9131080000000003,1.46959,-1.650897,-3.614718,A
0.204355,-0.275537,0.360101,-0.278884,0.261718,-0.598658,0.257927,0.7306010000000001,0.18880999999999998,-0.555898,A
-0.190648,-1.09206,0.402778,0.749425,0.17234000000000002,1.519109,0.748682,0.324625,0.18880999999999998,1.047109,D
0.192011,0.085618,0.278304,-1.3473549999999999,0.261718,-0.681707,0.220177,0.178019,-0.060641999999999995,-0.626215,F
0.117948,0.23479,0.050694,0.22045599999999999,0.261718,1.477585,0.182426,-1.14949,-0.621908,1.3552629999999999,A
-0.116585,-0.189174,0.694403,0.974792,0.708609,-1.636779,-1.32759,-1.602335,-1.089631,-0.7069479999999999,Y
-0.696746,-0.055704,-3.210528,0.628849,0.261718,0.647088,-0.119577,0.696896,0.18880999999999998,0.811275,W
0.624046,0.007106,0.11470899999999999,-0.350674,0.887365,-2.135077,-1.1010879999999998,-1.14448,0.40708,-1.340518,I
-3.498799,0.611647,0.064919,0.45510200000000006,-4.9222150000000005,-0.30798400000000004,0.673182,0.673034,-1.744441,-0.501951,A
-0.560964,0.329004,0.296086,0.755571,0.261718,0.688613,0.182426,0.568599,0.843621,0.632088,E
0.043885,0.572391,0.00446,-0.3331,0.261718,-0.8062819999999999,0.333428,1.1481290000000002,0.9371649999999999,-0.786126,G
0.068573,-1.16272,-3.210528,-0.829367,0.261718,2.972479,1.3149389999999999,-1.431906,-0.559546,1.954378,A
